{"cameraMode":{"drawMode":0,"name":"Shaded","section":"Shading Mode"},"sceneLighting":false,"audioPlay":false,"sceneViewState":{"showFog":true,"showMaterialUpdate":true,"showSkybox":true,"showFlares":true,"showImageEffects":true,"showParticleSystems":true},"in2DMode":false,"pivot":{"x":5.905281066894531,"y":-0.9933904409408569,"z":-11.703178405761719},"rotation":{"x":-2.710572599706751e-10,"y":-2.4381985319621437e-9,"z":-4.1285147522884815e-10,"w":0.9999989867210388},"size":31.02724266052246,"orthographic":true}