{"cameraMode":{"drawMode":0,"name":"Shaded","section":"Shading Mode"},"sceneLighting":false,"audioPlay":false,"sceneViewState":{"showFog":true,"showMaterialUpdate":true,"showSkybox":true,"showFlares":true,"showImageEffects":true,"showParticleSystems":true},"in2DMode":false,"pivot":{"x":17.901504516601564,"y":-7.386065483093262,"z":-11.601789474487305},"rotation":{"x":-2.710572599706751e-10,"y":-2.4381985319621437e-9,"z":-4.1285147522884815e-10,"w":0.9999989867210388},"size":13.556692123413086,"orthographic":true}